method,mode,estimand,treatment,outcome,adjustment_set,coef,ci_low,ci_high,r2,model
PC,NAIVE,LOGIT,study,passed,,-0.12329539963682737,-0.4338001617561109,0.18720936248245615,0.3256096881751185,LOGIT
PC,PREDICTED_DAG,LOGIT,study,passed,,6.262801734027323,6.0524669462565654,6.4731365217980805,0.18060145465941668,LOGIT
PC,TRUE_DAG,LOGIT,study,passed,ses,5.89851639587262,5.679229955252334,6.117802836492905,0.1849896446696564,LOGIT
