tp,fp,fn,reversed,precision,recall,f1,shd
5,4,2,2,0.5555555555555556,0.7142857142857143,0.6250000000000001,4
