method,mode,estimand,treatment,outcome,adjustment_set,coef,ci_low,ci_high,r2,model
PC,NAIVE,OLS_DUMMY,HasCrCard,NumOfProducts,,-0.004696356202149039,-0.028310998336204245,0.018918285931906167,0.10952909357867613,OLS_DUMMY
PC,PREDICTED_DAG,OLS_DUMMY,HasCrCard,NumOfProducts,,0.0040617077317570485,-0.020977675514117104,0.0291010909776312,1.013241841152368e-05,OLS_DUMMY
