method,mode,estimand,treatment,outcome,adjustment_set,coef,ci_low,ci_high,r2,model
FCI,NAIVE,OLS,fin,ex_scr,,-0.0007565635094910796,-0.043625091101667776,0.042111964082685624,0.7821775115543638,OLS
FCI,PREDICTED_DAG,OLS,fin,ex_scr,ed_lvl,0.018919121127274244,-0.023911677655380853,0.06174991990992934,0.7749297777787615,OLS
FCI,TRUE_DAG,OLS,fin,ex_scr,,0.5347390661635163,0.4630323132553249,0.6064458190717077,0.1779333790502936,OLS
