method,mode,estimand,treatment,outcome,adjustment_set,coef,ci_low,ci_high,r2,model
PC,NAIVE,LOGIT_DUMMY,HasCrCard,IsActiveMember,,-0.049611950476744555,-0.13773488328460087,0.03851098233111177,0.03307437441272365,LOGIT_DUMMY
PC,PREDICTED_DAG,LOGIT_DUMMY,HasCrCard,IsActiveMember,,-0.052108135127760156,-0.13818394670696554,0.033967676451445224,0.00010165410884144244,LOGIT_DUMMY
