method,mode,estimand,treatment,outcome,adjustment_set,coef,ci_low,ci_high,r2,model
BIC_EXACT_SEARCH,NAIVE,LOGIT,"study,ses",passed,,-0.12329539963682737,-0.4338001617561109,0.18720936248245615,0.3256096881751185,LOGIT
BIC_EXACT_SEARCH,PREDICTED_DAG,LOGIT,"study,ses",passed,score,-0.11814273763538065,-0.42569860330793463,0.18941312803717336,0.325607514656427,LOGIT
BIC_EXACT_SEARCH,TRUE_DAG,LOGIT,"study,ses",passed,,5.89851639587262,5.679229955252334,6.117802836492905,0.1849896446696564,LOGIT
