method,mode,estimand,treatment,outcome,adjustment_set,coef,ci_low,ci_high,r2,model
PC,NAIVE,LOGIT,NumOfProducts,IsActiveMember,,0.028682376896680076,-0.04489135293076381,0.10225610672412395,0.03307437441272365,LOGIT
PC,PREDICTED_DAG,LOGIT,NumOfProducts,IsActiveMember,,0.03307767131728897,-0.03437493976382635,0.10053028239840428,6.670121928087358e-05,LOGIT
