method,mode,estimand,treatment,outcome,adjustment_set,coef,ci_low,ci_high,r2,model
BIC_EXACT_SEARCH,NAIVE,LOGIT,study,passed,,-0.12329539963682737,-0.4338001617561109,0.18720936248245615,0.3256096881751185,LOGIT
BIC_EXACT_SEARCH,PREDICTED_DAG,LOGIT,study,passed,score,-0.14993011434454898,-0.4557231582233071,0.1558629295342092,0.3254644672131567,LOGIT
BIC_EXACT_SEARCH,TRUE_DAG,LOGIT,study,passed,ses,5.89851639587262,5.679229955252334,6.117802836492905,0.1849896446696564,LOGIT
