method,mode,estimand,treatment,outcome,adjustment_set,coef,ci_low,ci_high,r2,model
RESIT,NAIVE,LOGIT,Age,Exited,,0.07270600717133059,0.06765810564009127,0.07775390870256992,0.1531612740702717,LOGIT
RESIT,PREDICTED_DAG,LOGIT,Age,Exited,Gender_Female|Geography_France,0.06291921334020133,0.05823173236091381,0.06760669431948885,0.0952770474165503,LOGIT
