method,mode,estimand,treatment,outcome,adjustment_set,coef,ci_low,ci_high,r2,model
BIC_EXACT_SEARCH,NAIVE,OLS,Tenure,CreditScore,,0.04133089546758417,-0.6131399657901209,0.6958017567252892,0.0016405885327491765,OLS
BIC_EXACT_SEARCH,PREDICTED_DAG,OLS,Tenure,CreditScore,,0.028136773066603782,-0.6254903464455589,0.6817638925787665,7.088660255449852e-07,OLS
